,text
0,"<|endoftext|>sadness:I thought you were the shield to keep me safe Against the spearman’s dart. You were the spear. I sought your help in danger, as the left Arm seeks the right. Now stand away and let The spearman aim. For if you must disown Our friendship, please: do not side with my foe.<|endoftext|>"
1,"<|endoftext|>betrayal:I thought you were the shield to keep me safe Against the spearman’s dart. You were the spear. I sought your help in danger, as the left Arm seeks the right. Now stand away and let The spearman aim. For if you must disown Our friendship, please: do not side with my foe.<|endoftext|>"
2,<|endoftext|>sadness:All day two armies fight Till all the blood is shed But covered by the night They sleep in the same bed<|endoftext|>
3,"<|endoftext|>helpless:How much longer must I face This scorn, this turning back? Have I not wept enough? For how long will I suffer Your neglect, savage as hunger? Have you not had enough? Be kind to me: contempt is hard To take, master. The time has come To treat me better. Gentlemen, Have mercy on my heart. All sleep and patience gone. Is it the law of love That I should be alone While others love? Oh lord, let him be cruel. I am not done.<|endoftext|>"
4,<|endoftext|>hate:My fate is like an enemy: It shows me only hate. If once it stoops to kindness It soon mends its mistake.<|endoftext|>
5,"<|endoftext|>hate:I thought you were the shield to keep me safe Against the spearman’s dart. You were the spear. I sought your help in danger, as the left Arm seeks the right. Now stand away and let The spearman aim. For if you must disown Our friendship, please: do not side with my foe.<|endoftext|>"
6,"<|endoftext|>hurt:Drain the cup only In trusted, noble Company. Wine is like wind: Sweet if breezing Over balm, Bad if over rot It blows.<|endoftext|>"
7,"<|endoftext|>desire:You are what I Crave and desire. Your company, Eternal sun. Your absence fire. You are my whole Life’s craze, the one Thing in my mind. Love is no crime. The shirt of pain I wore laid bare The grief within. My wet cheeks aired The love I hid. Secrets undone By tell-tale sobs. Cure me of this Hard agony. You are its cause And remedy. Your healing hand Inflames the hurt. Your bright eyes are The gold I hoard, Your rosy cheeks, Assassins. Your Hair is my jail. The game is up. A martyrdom Of love is mine. Death by sweet swords. How many fine Souls meet the same Sharp, tender blade? I will not stop Loving nor seek Relief. Love is My law, my drug Inside and out. Happy the eyes That looked at you And won a look Returned. Now I Am burning, lost.<|endoftext|>"
8,"<|endoftext|>hurt:You are what I Crave and desire. Your company, Eternal sun. Your absence fire. You are my whole Life’s craze, the one Thing in my mind. Love is no crime. The shirt of pain I wore laid bare The grief within. My wet cheeks aired The love I hid. Secrets undone By tell-tale sobs. Cure me of this Hard agony. You are its cause And remedy. Your healing hand Inflames the hurt. Your bright eyes are The gold I hoard, Your rosy cheeks, Assassins. Your Hair is my jail. The game is up. A martyrdom Of love is mine. Death by sweet swords. How many fine Souls meet the same Sharp, tender blade? I will not stop Loving nor seek Relief. Love is My law, my drug Inside and out. Happy the eyes That looked at you And won a look Returned. Now I Am burning, lost.<|endoftext|>"
9,"<|endoftext|>beauty:Fame is a record of all worth— Yours it cannot measure. God preserve your time on earth, Virtue’s father and mother!<|endoftext|>"
10,"<|endoftext|>happy:If the house could know who came this way It would thrill at the news and kiss the ground As if to greet its guest, as if to say Well met and welcome to a gracious mind<|endoftext|>"
11,<|endoftext|>love:Why save up for a sheep to find delight When trays of sweets all earthly dreams surpass? My heart longs for a table spread with light: Kunafa in a buttered honey bath<|endoftext|>
12,"<|endoftext|>pain:I thought you were the shield to keep me safe Against the spearman’s dart. You were the spear. I sought your help in danger, as the left Arm seeks the right. Now stand away and let The spearman aim. For if you must disown Our friendship, please: do not side with my foe.<|endoftext|>"
13,<|endoftext|>betrayal:All day two armies fight Till all the blood is shed But covered by the night They sleep in the same bed<|endoftext|>
14,"<|endoftext|>realization:If I had known my love would come this way, I would have laid A mantle of my blood, my own black eyes upon the street And tiled the earth with cheeks, and made An avenue of eyelids for his feet<|endoftext|>"
15,"<|endoftext|>love:Keep your secret. If you tell it, You have lost it. If your own heart. Cannot hold it, how will the heart You gave it to hold?<|endoftext|>"
16,<|endoftext|>pain:How fine is the forgiveness of the strong And finer when it falls on weaker hearts If friendship ever was a sacred bond Do not cast off the first friend for the last<|endoftext|>
17,"<|endoftext|>frustration:If I were to complain, what would I say? Or tried to look for love—which way? Or sent a messenger to tell my tale, Who could translate this ache? If I attempted patience—no Forbearance after love has flown. Nothing but regret and grief And tears on cheeks. You, now far from sight, Will in my heart remain. Was it not you who taught me How to love, and all my life From love’s oath not to stray?<|endoftext|>"
18,<|endoftext|>mystery:Only true souls keep a secret. Only the best heart is sealed Secrets find in me a bolted House: key lost and lock Secure.<|endoftext|>
19,<|endoftext|>hurt:All day two armies fight Till all the blood is shed But covered by the night They sleep in the same bed<|endoftext|>
20,<|endoftext|>pain:To see their traces is to ache And cry where they once were Whoever sent them far away I beg for their return<|endoftext|>
21,"<|endoftext|>betrayal:Drain the cup only In trusted, noble Company. Wine is like wind: Sweet if breezing Over balm, Bad if over rot It blows.<|endoftext|>"
22,<|endoftext|>love:Slip of a thing Whose hair and blaze Are to the world Brightness and shade. No flaw his cheek’s Round mark— Anemone’s Black heart.<|endoftext|>
23,"<|endoftext|>hate:How much longer must I face This scorn, this turning back? Have I not wept enough? For how long will I suffer Your neglect, savage as hunger? Have you not had enough? Be kind to me: contempt is hard To take, master. The time has come To treat me better. Gentlemen, Have mercy on my heart. All sleep and patience gone. Is it the law of love That I should be alone While others love? Oh lord, let him be cruel. I am not done.<|endoftext|>"
24,"<|endoftext|>sadness:In love you made me stand and sat to rest. You pricked my fretting eyes and fell asleep And left me with your ghost and my regrets To brood on you and weep. You swore you would be constant to the end But when you had my heart, you broke the vow. I was a child. About love I knew nothing. I am learning now.<|endoftext|>"
25,"<|endoftext|>happy:If I compare your figure to the tender Green bough, the lie oppresses me For boughs all robed in leaf are lovelier But you unrobed are loveliest to see<|endoftext|>"
26,"<|endoftext|>realization:Pardon this crime—judges may be cruel Or kind. I own my sins, each one. Its time You showed some grace. All those who seek Forgiveness from above should throw A rose to souls below.<|endoftext|>"
27,"<|endoftext|>hate:If I had known my love would come this way, I would have laid A mantle of my blood, my own black eyes upon the street And tiled the earth with cheeks, and made An avenue of eyelids for his feet<|endoftext|>"
28,"<|endoftext|>sadness:Pardon this crime—judges may be cruel Or kind. I own my sins, each one. Its time You showed some grace. All those who seek Forgiveness from above should throw A rose to souls below.<|endoftext|>"
29,<|endoftext|>hate:How fine is the forgiveness of the strong And finer when it falls on weaker hearts If friendship ever was a sacred bond Do not cast off the first friend for the last<|endoftext|>
30,"<|endoftext|>sadness:If I had known my love would come this way, I would have laid A mantle of my blood, my own black eyes upon the street And tiled the earth with cheeks, and made An avenue of eyelids for his feet<|endoftext|>"
31,<|endoftext|>sadness:My fate is like an enemy: It shows me only hate. If once it stoops to kindness It soon mends its mistake.<|endoftext|>
32,"<|endoftext|>beauty:For pleasure, find these four: Zither, lute, harp and flute. Pair them with four more: Myrtle, clove, blossom, rose. Four you must include: Wine, a lover, gold, and youth.<|endoftext|>"
33,<|endoftext|>beauty:Why save up for a sheep to find delight When trays of sweets all earthly dreams surpass? My heart longs for a table spread with light: Kunafa in a buttered honey bath<|endoftext|>
34,"<|endoftext|>pain:You are what I Crave and desire. Your company, Eternal sun. Your absence fire. You are my whole Life’s craze, the one Thing in my mind. Love is no crime. The shirt of pain I wore laid bare The grief within. My wet cheeks aired The love I hid. Secrets undone By tell-tale sobs. Cure me of this Hard agony. You are its cause And remedy. Your healing hand Inflames the hurt. Your bright eyes are The gold I hoard, Your rosy cheeks, Assassins. Your Hair is my jail. The game is up. A martyrdom Of love is mine. Death by sweet swords. How many fine Souls meet the same Sharp, tender blade? I will not stop Loving nor seek Relief. Love is My law, my drug Inside and out. Happy the eyes That looked at you And won a look Returned. Now I Am burning, lost.<|endoftext|>"
35,"<|endoftext|>pain:If I had known my love would come this way, I would have laid A mantle of my blood, my own black eyes upon the street And tiled the earth with cheeks, and made An avenue of eyelids for his feet<|endoftext|>"
36,"<|endoftext|>pleasure:If I compare your figure to the tender Green bough, the lie oppresses me For boughs all robed in leaf are lovelier But you unrobed are loveliest to see<|endoftext|>"
37,"<|endoftext|>happy:It is the art of lovers to express With eyelids what their lips have left unsaid. A glance at him gives me the news I missed: How sweet to linger on his face, what heat In eyes that want to speak! Beloved lids Spell out a note for loving eyes to read.<|endoftext|>"
38,"<|endoftext|>love:You are what I Crave and desire. Your company, Eternal sun. Your absence fire. You are my whole Life’s craze, the one Thing in my mind. Love is no crime. The shirt of pain I wore laid bare The grief within. My wet cheeks aired The love I hid. Secrets undone By tell-tale sobs. Cure me of this Hard agony. You are its cause And remedy. Your healing hand Inflames the hurt. Your bright eyes are The gold I hoard, Your rosy cheeks, Assassins. Your Hair is my jail. The game is up. A martyrdom Of love is mine. Death by sweet swords. How many fine Souls meet the same Sharp, tender blade? I will not stop Loving nor seek Relief. Love is My law, my drug Inside and out. Happy the eyes That looked at you And won a look Returned. Now I Am burning, lost.<|endoftext|>"
39,"<|endoftext|>desperate:How much longer must I face This scorn, this turning back? Have I not wept enough? For how long will I suffer Your neglect, savage as hunger? Have you not had enough? Be kind to me: contempt is hard To take, master. The time has come To treat me better. Gentlemen, Have mercy on my heart. All sleep and patience gone. Is it the law of love That I should be alone While others love? Oh lord, let him be cruel. I am not done.<|endoftext|>"
40,"<|endoftext|>hurt:If I had known my love would come this way, I would have laid A mantle of my blood, my own black eyes upon the street And tiled the earth with cheeks, and made An avenue of eyelids for his feet<|endoftext|>"
41,"<|endoftext|>sadness:If I were to complain, what would I say? Or tried to look for love—which way? Or sent a messenger to tell my tale, Who could translate this ache? If I attempted patience—no Forbearance after love has flown. Nothing but regret and grief And tears on cheeks. You, now far from sight, Will in my heart remain. Was it not you who taught me How to love, and all my life From love’s oath not to stray?<|endoftext|>"
42,"<|endoftext|>caution:If you suffer, save your soul. Leave the house to mourn its builder. Nothing lost: there will be other Homes, no second you. Do not entrust your mission To another but your self, Your truest friend. Nothing swells the lion’s neck But his own breath, His best defense.<|endoftext|>"
43,"<|endoftext|>desire:If the house could know who came this way It would thrill at the news and kiss the ground As if to greet its guest, as if to say Well met and welcome to a gracious mind<|endoftext|>"
44,"<|endoftext|>beauty:If I compare your figure to the tender Green bough, the lie oppresses me For boughs all robed in leaf are lovelier But you unrobed are loveliest to see<|endoftext|>"
45,"<|endoftext|>beauty:It is the art of lovers to express With eyelids what their lips have left unsaid. A glance at him gives me the news I missed: How sweet to linger on his face, what heat In eyes that want to speak! Beloved lids Spell out a note for loving eyes to read.<|endoftext|>"
46,<|endoftext|>desperate:To see their traces is to ache And cry where they once were Whoever sent them far away I beg for their return<|endoftext|>
47,"<|endoftext|>obsession:You are what I Crave and desire. Your company, Eternal sun. Your absence fire. You are my whole Life’s craze, the one Thing in my mind. Love is no crime. The shirt of pain I wore laid bare The grief within. My wet cheeks aired The love I hid. Secrets undone By tell-tale sobs. Cure me of this Hard agony. You are its cause And remedy. Your healing hand Inflames the hurt. Your bright eyes are The gold I hoard, Your rosy cheeks, Assassins. Your Hair is my jail. The game is up. A martyrdom Of love is mine. Death by sweet swords. How many fine Souls meet the same Sharp, tender blade? I will not stop Loving nor seek Relief. Love is My law, my drug Inside and out. Happy the eyes That looked at you And won a look Returned. Now I Am burning, lost.<|endoftext|>"
48,"<|endoftext|>caution:Keep your secret. If you tell it, You have lost it. If your own heart. Cannot hold it, how will the heart You gave it to hold?<|endoftext|>"
49,"<|endoftext|>lust:If I compare your figure to the tender Green bough, the lie oppresses me For boughs all robed in leaf are lovelier But you unrobed are loveliest to see<|endoftext|>"
50,"<|endoftext|>pain:Drain the cup only In trusted, noble Company. Wine is like wind: Sweet if breezing Over balm, Bad if over rot It blows.<|endoftext|>"
51,"<|endoftext|>mystery:Keep your secret. If you tell it, You have lost it. If your own heart. Cannot hold it, how will the heart You gave it to hold?<|endoftext|>"
52,<|endoftext|>beauty:Slip of a thing Whose hair and blaze Are to the world Brightness and shade. No flaw his cheek’s Round mark— Anemone’s Black heart.<|endoftext|>
53,<|endoftext|>hurt:To see their traces is to ache And cry where they once were Whoever sent them far away I beg for their return<|endoftext|>
54,<|endoftext|>love:Like the new moon his face is bright Like pearls his strewn delight<|endoftext|>
55,<|endoftext|>hurt:It was not out of boredom that I left But hard necessity. She wished to let a third into our pair: I fled this blasphemy.<|endoftext|>
56,"<|endoftext|>sadness:You are what I Crave and desire. Your company, Eternal sun. Your absence fire. You are my whole Life’s craze, the one Thing in my mind. Love is no crime. The shirt of pain I wore laid bare The grief within. My wet cheeks aired The love I hid. Secrets undone By tell-tale sobs. Cure me of this Hard agony. You are its cause And remedy. Your healing hand Inflames the hurt. Your bright eyes are The gold I hoard, Your rosy cheeks, Assassins. Your Hair is my jail. The game is up. A martyrdom Of love is mine. Death by sweet swords. How many fine Souls meet the same Sharp, tender blade? I will not stop Loving nor seek Relief. Love is My law, my drug Inside and out. Happy the eyes That looked at you And won a look Returned. Now I Am burning, lost.<|endoftext|>"
57,"<|endoftext|>love:In love you made me stand and sat to rest. You pricked my fretting eyes and fell asleep And left me with your ghost and my regrets To brood on you and weep. You swore you would be constant to the end But when you had my heart, you broke the vow. I was a child. About love I knew nothing. I am learning now.<|endoftext|>"
58,"<|endoftext|>caution:Drain the cup only In trusted, noble Company. Wine is like wind: Sweet if breezing Over balm, Bad if over rot It blows.<|endoftext|>"
59,<|endoftext|>beauty:Like the new moon his face is bright Like pearls his strewn delight<|endoftext|>
60,"<|endoftext|>desire:If I compare your figure to the tender Green bough, the lie oppresses me For boughs all robed in leaf are lovelier But you unrobed are loveliest to see<|endoftext|>"
61,"<|endoftext|>beauty:I am the house of joy And comfort without end Inside a fountain flows With water made to mend Where myrtle, daisy, rose And gillyflowers grow<|endoftext|>"
62,"<|endoftext|>lust:You are what I Crave and desire. Your company, Eternal sun. Your absence fire. You are my whole Life’s craze, the one Thing in my mind. Love is no crime. The shirt of pain I wore laid bare The grief within. My wet cheeks aired The love I hid. Secrets undone By tell-tale sobs. Cure me of this Hard agony. You are its cause And remedy. Your healing hand Inflames the hurt. Your bright eyes are The gold I hoard, Your rosy cheeks, Assassins. Your Hair is my jail. The game is up. A martyrdom Of love is mine. Death by sweet swords. How many fine Souls meet the same Sharp, tender blade? I will not stop Loving nor seek Relief. Love is My law, my drug Inside and out. Happy the eyes That looked at you And won a look Returned. Now I Am burning, lost.<|endoftext|>"
63,"<|endoftext|>love:Fame is a record of all worth— Yours it cannot measure. God preserve your time on earth, Virtue’s father and mother!<|endoftext|>"
64,<|endoftext|>pain:All day two armies fight Till all the blood is shed But covered by the night They sleep in the same bed<|endoftext|>
65,<|endoftext|>pain:It was not out of boredom that I left But hard necessity. She wished to let a third into our pair: I fled this blasphemy.<|endoftext|>
66,"<|endoftext|>hurt:In love you made me stand and sat to rest. You pricked my fretting eyes and fell asleep And left me with your ghost and my regrets To brood on you and weep. You swore you would be constant to the end But when you had my heart, you broke the vow. I was a child. About love I knew nothing. I am learning now.<|endoftext|>"
67,"<|endoftext|>helpless:If I were to complain, what would I say? Or tried to look for love—which way? Or sent a messenger to tell my tale, Who could translate this ache? If I attempted patience—no Forbearance after love has flown. Nothing but regret and grief And tears on cheeks. You, now far from sight, Will in my heart remain. Was it not you who taught me How to love, and all my life From love’s oath not to stray?<|endoftext|>"
68,"<|endoftext|>desperate:If I were to complain, what would I say? Or tried to look for love—which way? Or sent a messenger to tell my tale, Who could translate this ache? If I attempted patience—no Forbearance after love has flown. Nothing but regret and grief And tears on cheeks. You, now far from sight, Will in my heart remain. Was it not you who taught me How to love, and all my life From love’s oath not to stray?<|endoftext|>"
69,"<|endoftext|>love:It is the art of lovers to express With eyelids what their lips have left unsaid. A glance at him gives me the news I missed: How sweet to linger on his face, what heat In eyes that want to speak! Beloved lids Spell out a note for loving eyes to read.<|endoftext|>"
70,"<|endoftext|>love:For pleasure, find these four: Zither, lute, harp and flute. Pair them with four more: Myrtle, clove, blossom, rose. Four you must include: Wine, a lover, gold, and youth.<|endoftext|>"
71,<|endoftext|>desire:Slip of a thing Whose hair and blaze Are to the world Brightness and shade. No flaw his cheek’s Round mark— Anemone’s Black heart.<|endoftext|>
